sku,qty_produce,unit_profit,est_profit
P006,23,2.6100000000000003,60.03000000000001
P007,62,6.529333333333333,404.8186666666666
