sku,qty_produce,unit_profit,est_profit
P003,2,2.7482222222222217,5.496444444444443
P006,41,3.209333333333333,131.58266666666665
P007,56,6.484415940224158,363.12729265255285
