sku,qty_produce,unit_profit,est_profit
P003,2,2.7482222222222217,5.496444444444443
P006,6,2.6099999999999994,15.659999999999997
P007,66,6.529333333333333,430.936
