sku,qty_produce,unit_profit,est_profit
P003,1,2.7482222222222217,2.7482222222222217
P006,109,3.209333333333333,349.8173333333333
P007,37,6.529333333333333,241.58533333333332
