sku,qty_produce,unit_profit,est_profit
P003,3,2.7482222222222217,8.244666666666665
P005,18,6.049777777777778,108.896
P006,62,3.1791547547547556,197.10759479479484
P007,29,5.6700254830761265,164.43073900920766
