sku,qty_produce,unit_profit,est_profit
P003,46,2.7482222222222217,126.4182222222222
P005,2,6.049777777777778,12.099555555555556
P006,107,3.209333333333333,343.3986666666666
P007,16,5.7360972218077615,91.77755554892418
