sku,qty_produce,unit_profit,est_profit
P003,13,2.7482222222222217,35.72688888888888
P005,15,6.049777777777778,90.74666666666667
P006,66,3.0818596671053484,203.402738028953
P007,27,5.6700254830761265,153.09068804305542
