sku,qty_produce,unit_profit,est_profit
P003,4,2.7482222222222217,10.992888888888887
P005,2,6.049777777777778,12.099555555555556
P007,16,3.54,56.64
P010,37,1.8997777777777773,70.29177777777777
