sku,qty_produce,unit_profit,est_profit
P003,5,2.7482222222222217,13.741111111111108
P006,61,3.209333333333333,195.76933333333332
P007,49,6.529333333333333,319.9373333333333
