sku,qty_produce,unit_profit,est_profit
P003,15,2.7482222222222217,41.22333333333332
P005,1,6.049777777777778,6.049777777777778
P006,133,3.209333333333333,426.8413333333333
P007,23,5.7360972218077615,131.93023610157852
