sku,qty_produce,unit_profit,est_profit
P003,7,2.7482222222222217,19.237555555555552
P006,86,3.1944022103386795,274.71859008912645
P007,41,6.091255077262696,249.74145816777053
