sku,qty_produce,unit_profit,est_profit
P003,13,2.7482222222222217,35.72688888888888
P010,46,1.8997777777777773,87.38977777777775
