sku,qty_produce,unit_profit,est_profit
P006,124,3.209333333333333,397.9573333333333
P007,33,6.50613893360161,214.70258480885315
