sku,qty_produce,unit_profit,est_profit
P003,6,2.7482222222222217,16.48933333333333
P006,35,2.61,91.35
P007,56,6.479447348868625,362.849051536643
