sku,qty_produce,unit_profit,est_profit
P003,6,2.7482222222222217,16.48933333333333
P006,63,3.153024226407625,198.64052626368036
P007,48,6.479752218974222,311.02810651076265
