sku,qty_produce,unit_profit,est_profit
P003,13,2.7482222222222217,35.72688888888888
P007,12,3.54,42.480000000000004
