sku,qty_produce,unit_profit,est_profit
P003,4,2.7482222222222217,10.992888888888887
P006,66,3.0270407835625024,199.78469171512515
P007,48,6.529333333333333,313.40799999999996
