sku,qty_produce,unit_profit,est_profit
P003,5,2.7482222222222217,13.741111111111108
P006,124,3.209333333333333,397.9573333333333
P007,31,6.529333333333333,202.4093333333333
