sku,qty_produce,unit_profit,est_profit
P001,5,2.9511111111111115,14.755555555555556
P003,13,2.7482222222222217,35.72688888888888
P005,46,6.049777777777778,278.2897777777778
P006,24,2.6100000000000003,62.64000000000001
