sku,qty_produce,unit_profit,est_profit
P006,9,2.6100000000000003,23.490000000000002
P007,66,6.529333333333333,430.936
