sku,qty_produce,unit_profit,est_profit
P003,6,2.7482222222222217,16.48933333333333
P006,28,2.6099999999999994,73.07999999999998
P007,58,6.529333333333333,378.7013333333333
