sku,qty_produce,unit_profit,est_profit
P003,6,2.7482222222222217,16.48933333333333
P007,66,6.529333333333333,430.936
