sku,qty_produce,unit_profit,est_profit
P003,12,2.7482222222222217,32.97866666666666
P005,1,6.049777777777778,6.049777777777778
P006,92,3.208306098579782,295.16416106933997
P007,36,5.729286885245902,206.25432786885244
