{
  "val_acc_baseline": 0.7793999910354614,
  "test_acc_baseline": 0.7681000232696533,
  "time_baseline_s": 43.97246640499998
}