{
  "val_acc_opt": 0.7307999730110168,
  "test_acc_opt": 0.7398999929428101,
  "time_opt_s": 44.023628725999515,
  "best_params": {
    "learning_rate": 0.005000000819563866,
    "dropout_rate": 0.1687418520450592,
    "n_filters_conv1": 17,
    "n_dense_units": 435
  }
}